resnum,aa,dSASA,KD,iface
5,T,0.0,-0.7,False
6,T,0.0,-0.7,False
7,A,0.0,1.8,False
8,L,0.0,3.8,False
9,V,0.0,4.2,False
10,C,0.0,2.5,False
11,D,0.0,-3.5,False
12,N,0.0,-3.5,False
13,G,0.0,-0.4,False
14,S,0.0,-0.8,False
15,G,0.0,-0.4,False
16,L,0.0,3.8,False
17,V,0.0,4.2,False
18,K,0.0,-3.9,False
19,A,0.0,1.8,False
20,G,0.0,-0.4,False
21,F,0.0,2.8,False
22,A,0.0,1.8,False
23,G,0.0,-0.4,False
24,D,0.0,-3.5,False
25,D,0.0,-3.5,False
26,A,0.0,1.8,False
27,P,0.0,-1.6,False
28,R,0.0,-4.5,False
29,A,0.0,1.8,False
30,V,0.0,4.2,False
31,F,0.0,2.8,False
32,P,0.0,-1.6,False
33,S,0.0,-0.8,False
34,I,0.0,4.5,False
35,V,0.0,4.2,False
36,G,0.0,-0.4,False
37,R,0.0,-4.5,False
38,P,0.0,-1.6,False
39,R,0.0,-4.5,False
40,H,0.0,-3.2,False
41,Q,0.0,-3.5,False
42,G,0.0,-0.4,False
43,V,0.0,4.2,False
44,M,0.0,1.9,False
45,V,0.0,4.2,False
46,G,0.0,-0.4,False
47,M,0.0,1.9,False
48,G,0.0,-0.4,False
49,Q,0.0,-3.5,False
50,K,0.0,-3.9,False
51,D,0.0,-3.5,False
52,S,0.0,-0.8,False
53,Y,0.0,-1.3,False
54,V,0.0,4.2,False
55,G,0.0,-0.4,False
56,D,0.0,-3.5,False
57,E,0.0,-3.5,False
58,A,0.0,1.8,False
59,Q,0.0,-3.5,False
60,S,0.0,-0.8,False
61,K,0.0,-3.9,False
62,R,0.0,-4.5,False
63,G,0.0,-0.4,False
64,I,0.0,4.5,False
65,L,0.0,3.8,False
66,T,0.0,-0.7,False
67,L,0.0,3.8,False
68,K,0.0,-3.9,False
69,Y,0.0,-1.3,False
70,P,0.0,-1.6,False
71,I,0.0,4.5,False
72,E,0.0,-3.5,False
74,G,0.0,-0.4,False
75,I,0.0,4.5,False
76,I,0.0,4.5,False
77,T,0.0,-0.7,False
78,N,0.0,-3.5,False
79,W,0.0,-0.9,False
80,D,0.0,-3.5,False
81,D,0.0,-3.5,False
82,M,0.0,1.9,False
83,E,0.0,-3.5,False
84,K,0.0,-3.9,False
85,I,0.0,4.5,False
86,W,0.0,-0.9,False
87,H,0.0,-3.2,False
88,H,0.0,-3.2,False
89,T,0.0,-0.7,False
90,F,0.0,2.8,False
91,Y,0.0,-1.3,False
92,N,0.0,-3.5,False
93,E,0.0,-3.5,False
94,L,0.0,3.8,False
95,R,0.0,-4.5,False
96,V,0.0,4.2,False
97,A,0.0,1.8,False
98,P,0.0,-1.6,False
99,E,0.0,-3.5,False
100,E,0.0,-3.5,False
101,H,0.0,-3.2,False
102,P,0.0,-1.6,False
103,T,0.0,-0.7,False
104,L,0.0,3.8,False
105,L,0.0,3.8,False
106,T,0.0,-0.7,False
107,E,0.0,-3.5,False
108,A,0.0,1.8,False
109,P,0.0,-1.6,False
110,L,34.2042031132944,3.8,True
111,N,1.2076282160399163,-3.5,False
112,P,38.64410291327732,-1.6,True
113,K,42.90441671081043,-3.9,True
114,A,14.149419152503068,1.8,True
115,N,0.0,-3.5,False
116,R,0.0,-4.5,False
117,E,0.0,-3.5,False
118,K,0.0,-3.9,False
119,M,0.0,1.9,False
120,T,0.0,-0.7,False
121,Q,0.0,-3.5,False
122,I,0.0,4.5,False
123,M,0.0,1.9,False
124,F,0.0,2.8,False
125,E,0.0,-3.5,False
126,T,0.0,-0.7,False
127,F,0.0,2.8,False
128,N,0.0,-3.5,False
129,V,0.0,4.2,False
130,P,0.0,-1.6,False
131,A,0.0,1.8,False
132,M,0.0,1.9,False
133,Y,0.0,-1.3,False
134,V,0.0,4.2,False
135,A,0.0,1.8,False
136,I,0.0,4.5,False
137,Q,0.0,-3.5,False
138,A,0.0,1.8,False
139,V,25.224023344861045,4.2,True
140,L,0.0,3.8,False
141,S,0.0,-0.8,False
142,L,7.245769296239498,3.8,True
143,Y,57.8945763228966,-1.3,True
144,A,0.0,1.8,False
145,S,0.0,-0.8,False
146,G,0.0,-0.4,False
147,R,3.2143770721881637,-4.5,False
148,T,27.503110584963686,-0.7,True
149,T,0.0,-0.7,False
150,G,0.0,-0.4,False
151,I,0.0,4.5,False
152,V,0.0,4.2,False
153,L,0.0,3.8,False
154,D,0.0,-3.5,False
155,S,0.0,-0.8,False
156,G,0.0,-0.4,False
157,D,0.0,-3.5,False
158,G,0.0,-0.4,False
159,V,0.0,4.2,False
160,T,0.0,-0.7,False
161,H,0.0,-3.2,False
162,N,0.0,-3.5,False
163,V,0.0,4.2,False
164,P,0.0,-1.6,False
165,I,9.66102572831933,4.5,True
166,Y,48.40550881006416,-1.3,True
167,E,58.71159147475976,-3.5,True
168,G,60.309832754976426,-0.4,True
169,Y,150.06493380610698,-1.3,True
170,A,39.087444468551915,1.8,True
171,L,22.944936104758412,3.8,True
172,P,32.60596183307774,-1.6,True
173,H,87.40707470183753,-3.2,True
174,A,0.0,1.8,False
175,I,1.0714590240627206,4.5,False
176,M,0.0,1.9,False
177,R,0.0,-4.5,False
178,L,0.0,3.8,False
179,D,4.285836096250879,-3.5,False
180,L,0.0,3.8,False
181,A,0.0,1.8,False
182,G,0.0,-0.4,False
183,R,0.0,-4.5,False
184,D,0.0,-3.5,False
185,L,0.0,3.8,False
186,T,0.0,-0.7,False
187,D,0.0,-3.5,False
188,Y,0.0,-1.3,False
189,L,0.0,3.8,False
190,M,0.0,1.9,False
191,K,0.0,-3.9,False
192,I,0.0,4.5,False
193,L,0.0,3.8,False
194,T,0.0,-0.7,False
195,E,0.0,-3.5,False
196,R,0.0,-4.5,False
197,G,0.0,-0.4,False
198,Y,0.0,-1.3,False
199,S,0.0,-0.8,False
200,F,0.0,2.8,False
201,V,0.0,4.2,False
202,T,0.0,-0.7,False
203,T,0.0,-0.7,False
204,A,0.0,1.8,False
205,E,0.0,-3.5,False
206,R,0.0,-4.5,False
207,E,0.0,-3.5,False
208,I,0.0,4.5,False
209,V,0.0,4.2,False
210,R,0.0,-4.5,False
211,D,0.0,-3.5,False
212,I,0.0,4.5,False
213,K,0.0,-3.9,False
214,E,0.0,-3.5,False
215,K,0.0,-3.9,False
216,L,0.0,3.8,False
217,C,0.0,2.5,False
218,Y,0.0,-1.3,False
219,V,0.0,4.2,False
220,A,0.0,1.8,False
221,L,0.0,3.8,False
222,D,0.0,-3.5,False
223,F,0.0,2.8,False
224,E,0.0,-3.5,False
225,N,0.0,-3.5,False
226,E,0.0,-3.5,False
227,M,0.0,1.9,False
228,A,0.0,1.8,False
229,T,0.0,-0.7,False
230,A,0.0,1.8,False
231,A,0.0,1.8,False
232,S,0.0,-0.8,False
233,S,0.0,-0.8,False
234,S,0.0,-0.8,False
235,S,0.0,-0.8,False
236,L,0.0,3.8,False
237,E,0.0,-3.5,False
238,K,0.0,-3.9,False
239,S,0.0,-0.8,False
240,Y,0.0,-1.3,False
241,E,0.0,-3.5,False
242,L,0.0,3.8,False
243,P,0.0,-1.6,False
244,D,0.0,-3.5,False
245,G,0.0,-0.4,False
246,Q,0.0,-3.5,False
247,V,0.0,4.2,False
248,I,0.0,4.5,False
249,T,0.0,-0.7,False
250,I,0.0,4.5,False
251,G,0.0,-0.4,False
252,N,0.0,-3.5,False
253,E,0.0,-3.5,False
254,R,0.0,-4.5,False
255,F,0.0,2.8,False
256,R,0.0,-4.5,False
257,C,0.0,2.5,False
258,P,0.0,-1.6,False
259,E,0.0,-3.5,False
260,T,0.0,-0.7,False
261,L,0.0,3.8,False
262,F,0.0,2.8,False
263,Q,0.0,-3.5,False
264,P,0.0,-1.6,False
265,S,8.453397512279416,-0.8,True
266,F,0.0,2.8,False
267,I,0.0,4.5,False
268,G,25.052065129374157,-0.4,True
269,M,4.694343672182473,1.9,False
270,E,137.55705964695767,-3.5,True
271,S,0.0,-0.8,False
272,A,0.0,1.8,False
273,G,0.0,-0.4,False
274,I,0.0,4.5,False
275,H,0.0,-3.2,False
276,E,0.0,-3.5,False
277,T,0.0,-0.7,False
278,T,0.0,-0.7,False
279,Y,0.0,-1.3,False
280,N,0.0,-3.5,False
281,S,0.0,-0.8,False
282,I,0.0,4.5,False
283,M,13.521414781050467,1.9,True
284,K,8.111278072303485,-3.9,True
285,C,0.0,2.5,False
286,D,65.3768949795808,-3.5,True
287,I,103.0832701848734,4.5,True
288,D,94.18801394905189,-3.5,True
289,I,14.491538592478996,4.5,True
290,R,23.877674963609223,-4.5,True
291,K,8.453397512279409,-3.9,True
292,D,0.0,-3.5,False
293,L,0.0,3.8,False
294,Y,4.69434367218247,-1.3,False
295,A,0.0,1.8,False
296,N,0.0,-3.5,False
297,N,0.0,-3.5,False
298,V,0.0,4.2,False
299,M,0.0,1.9,False
300,S,0.0,-0.8,False
301,G,0.0,-0.4,False
302,G,0.0,-0.4,False
303,T,0.0,-0.7,False
304,T,0.0,-0.7,False
305,M,0.0,1.9,False
306,Y,0.0,-1.3,False
307,P,0.0,-1.6,False
308,G,0.0,-0.4,False
309,I,0.0,4.5,False
310,A,0.0,1.8,False
311,D,0.0,-3.5,False
312,R,0.0,-4.5,False
313,M,0.0,1.9,False
314,Q,0.0,-3.5,False
315,K,0.0,-3.9,False
316,E,0.0,-3.5,False
317,I,0.0,4.5,False
318,T,0.0,-0.7,False
319,A,0.0,1.8,False
320,L,0.0,3.8,False
321,A,0.0,1.8,False
322,P,35.02121826515757,-1.6,True
323,S,0.0,-0.8,False
324,T,40.632957257670725,-0.7,True
325,M,32.03167869600153,1.9,True
326,K,0.0,-3.9,False
327,I,0.0,4.5,False
328,K,0.0,-3.9,False
329,I,0.0,4.5,False
330,I,0.0,4.5,False
331,A,0.0,1.8,False
332,P,0.0,-1.6,False
333,P,0.0,-1.6,False
334,E,0.0,-3.5,False
335,R,0.0,-4.5,False
336,K,0.0,-3.9,False
337,Y,0.0,-1.3,False
338,S,0.0,-0.8,False
339,V,0.0,4.2,False
340,W,0.0,-0.9,False
341,I,0.0,4.5,False
342,G,0.0,-0.4,False
343,G,0.0,-0.4,False
344,S,0.0,-0.8,False
345,I,0.0,4.5,False
346,L,6.038141080199582,3.8,True
347,A,0.0,1.8,False
348,S,0.0,-0.8,False
349,L,18.114423240598754,3.8,True
350,S,0.0,-0.8,False
351,T,29.474070417602235,-0.7,True
352,F,4.830512864159665,2.8,False
353,Q,0.0,-3.5,False
354,Q,0.0,-3.5,False
355,M,30.90321861483207,1.9,True
356,W,0.0,-0.9,False
357,I,0.0,4.5,False
358,T,0.0,-0.7,False
359,K,0.0,-3.9,False
360,Q,0.0,-3.5,False
361,E,0.0,-3.5,False
362,Y,0.0,-1.3,False
363,D,0.0,-3.5,False
364,E,0.0,-3.5,False
365,A,0.0,1.8,False
366,G,0.0,-0.4,False
367,P,0.0,-1.6,False
368,S,0.0,-0.8,False
369,I,0.0,4.5,False
370,V,0.0,4.2,False
371,H,0.0,-3.2,False
372,R,0.0,-4.5,False
373,K,0.0,-3.9,False
374,C,0.0,2.5,False
375,F,35.021218265157586,2.8,True
