dca_col_1based,actin_resnum,consensus_aa,struct_aa
1,,G,
2,,D,
3,,E,
4,5,V,T
5,6,A,T
6,7,A,A
7,8,L,L
8,9,V,V
9,10,I,C
10,11,D,D
11,12,N,N
12,13,G,G
13,14,S,S
14,15,G,G
15,16,M,L
16,17,V,V
17,18,K,K
18,19,A,A
19,20,G,G
20,21,F,F
21,22,A,A
22,23,G,G
23,24,D,D
24,25,D,D
25,26,A,A
26,27,P,P
27,28,R,R
28,29,A,A
29,30,V,V
30,31,F,F
31,32,P,P
32,33,S,S
33,34,I,I
34,35,V,V
35,36,G,G
36,37,R,R
37,38,P,P
38,39,R,R
39,40,H,H
40,41,Q,Q
41,42,G,G
42,43,V,V
43,44,M,M
44,45,V,V
45,51,D,D
46,52,S,S
47,53,Y,Y
48,54,V,V
49,55,G,G
50,56,D,D
51,57,E,E
52,58,A,A
53,59,Q,Q
54,60,S,S
55,61,K,K
56,62,R,R
57,63,G,G
58,64,I,I
59,65,L,L
60,66,T,T
61,67,L,L
62,68,K,K
63,69,Y,Y
64,70,P,P
65,71,I,I
66,72,E,E
67,,H,
68,74,G,G
69,75,I,I
70,76,V,I
71,77,T,T
72,78,N,N
73,79,W,W
74,80,D,D
75,81,D,D
76,82,M,M
77,83,E,E
78,84,K,K
79,85,I,I
80,86,W,W
81,87,H,H
82,88,H,H
83,89,T,T
84,90,F,F
85,91,Y,Y
86,92,N,N
87,93,E,E
88,94,L,L
89,95,R,R
90,96,V,V
91,97,A,A
92,98,P,P
93,99,E,E
94,100,E,E
95,101,H,H
96,102,P,P
97,103,V,T
98,104,L,L
99,105,L,L
100,106,T,T
101,107,E,E
102,108,A,A
103,109,P,P
104,110,L,L
105,111,N,N
106,112,P,P
107,113,K,K
108,114,A,A
109,115,N,N
110,116,R,R
111,117,E,E
112,118,K,K
113,119,M,M
114,120,T,T
115,121,Q,Q
116,122,I,I
117,123,M,M
118,124,F,F
119,125,E,E
120,126,T,T
121,127,F,F
122,128,N,N
123,129,V,V
124,130,P,P
125,131,A,A
126,132,M,M
127,133,Y,Y
128,134,V,V
129,135,A,A
130,136,I,I
131,137,Q,Q
132,138,A,A
133,139,V,V
134,140,L,L
135,141,S,S
136,142,L,L
137,143,Y,Y
138,144,A,A
139,145,S,S
140,146,G,G
141,147,R,R
142,148,T,T
143,149,T,T
144,150,G,G
145,151,I,I
146,152,V,V
147,153,L,L
148,154,D,D
149,155,S,S
150,156,G,G
151,157,D,D
152,158,G,G
153,159,V,V
154,160,T,T
155,161,H,H
156,162,V,N
157,163,V,V
158,164,P,P
159,165,I,I
160,166,Y,Y
161,167,E,E
162,168,G,G
163,169,Y,Y
164,170,A,A
165,171,L,L
166,172,P,P
167,173,H,H
168,174,A,A
169,175,I,I
170,176,L,M
171,177,R,R
172,178,L,L
173,179,D,D
174,180,L,L
175,181,A,A
176,182,G,G
177,183,R,R
178,184,D,D
179,185,L,L
180,186,T,T
181,187,D,D
182,188,Y,Y
183,189,L,L
184,190,M,M
185,191,K,K
186,192,L,I
187,193,L,L
188,194,T,T
189,195,E,E
190,196,R,R
191,,E,
192,,V,
193,,E,
194,,I,
195,,P,
196,,P,
197,,E,
198,,Y,
199,,S,
200,,I,
201,,A,
202,,S,
203,,K,
204,,E,
205,,A,
206,,V,
207,,K,
208,,E,
209,,G,
210,,A,
211,,P,
212,,A,
213,,V,
214,,K,
215,,E,
216,,K,
217,,L,
218,,P,
219,,Q,
220,,V,
221,197,G,G
222,198,Y,Y
223,199,S,S
224,200,F,F
225,201,T,V
226,202,T,T
227,203,T,T
228,204,A,A
229,205,E,E
230,206,R,R
231,207,E,E
232,208,I,I
233,209,V,V
234,210,R,R
235,211,D,D
236,212,I,I
237,213,K,K
238,214,E,E
239,215,K,K
240,216,L,L
241,217,C,C
242,218,Y,Y
243,219,V,V
244,220,A,A
245,221,L,L
246,222,D,D
247,223,F,F
248,226,E,E
249,227,Q,M
250,228,D,A
251,229,T,T
252,230,A,A
253,231,A,A
254,232,S,S
255,233,S,S
256,234,S,S
257,235,S,S
258,236,L,L
259,237,E,E
260,238,K,K
261,239,S,S
262,240,Y,Y
263,241,E,E
264,242,L,L
265,243,P,P
266,244,D,D
267,245,G,G
268,246,Q,Q
269,247,V,V
270,248,I,I
271,249,T,T
272,250,I,I
273,251,G,G
274,252,N,N
275,253,E,E
276,254,R,R
277,255,F,F
278,256,R,R
279,257,C,C
280,258,P,P
281,259,E,E
282,260,A,T
283,261,L,L
284,262,F,F
285,263,Q,Q
286,264,P,P
287,265,S,S
288,266,L,F
289,267,I,I
290,268,G,G
291,269,M,M
292,270,E,E
293,271,S,S
294,272,A,A
295,,M,
296,,E,
297,,P,
298,,P,
299,,A,
300,,P,
301,,N,
302,,T,
303,,M,
304,,L,
305,273,G,G
306,274,I,I
307,275,H,H
308,276,E,E
309,277,T,T
310,278,T,T
311,279,Y,Y
312,280,N,N
313,281,S,S
314,282,I,I
315,283,M,M
316,284,K,K
317,285,C,C
318,286,D,D
319,287,I,I
320,288,D,D
321,289,I,I
322,290,R,R
323,291,K,K
324,292,D,D
325,293,L,L
326,294,Y,Y
327,295,A,A
328,296,N,N
329,297,I,N
330,298,V,V
331,299,L,M
332,300,S,S
333,301,G,G
334,302,G,G
335,303,T,T
336,304,T,T
337,305,M,M
338,306,Y,Y
339,307,P,P
340,308,G,G
341,309,I,I
342,310,A,A
343,311,D,D
344,312,R,R
345,313,L,M
346,314,Q,Q
347,315,K,K
348,316,E,E
349,317,I,I
350,318,T,T
351,319,A,A
352,320,L,L
353,321,A,A
354,322,P,P
355,323,S,S
356,324,T,T
357,325,M,M
358,326,K,K
359,327,I,I
360,328,K,K
361,329,I,I
362,330,I,I
363,331,A,A
364,332,P,P
365,333,P,P
366,,N,
367,,T,
368,,V,
369,334,E,E
370,335,R,R
371,336,K,K
372,337,Y,Y
373,338,S,S
374,339,V,V
375,340,W,W
376,341,I,I
377,342,G,G
378,343,G,G
379,344,S,S
380,345,I,I
381,346,L,L
382,347,A,A
383,348,S,S
384,349,L,L
385,350,S,S
386,351,T,T
387,352,F,F
388,353,Q,Q
389,354,Q,Q
390,355,M,M
391,356,W,W
392,357,I,I
393,358,S,T
394,359,K,K
395,360,Q,Q
396,361,E,E
397,362,Y,Y
398,363,D,D
399,364,E,E
400,365,S,A
401,366,G,G
402,367,P,P
403,368,S,S
404,369,I,I
405,370,V,V
406,371,H,H
407,372,R,R
408,373,K,K
409,374,C,C
410,375,F,F
